username,active,roles
"demo.administrator@dgop.local","true","system_admin"
"demo.auditor@dgop.local","true","auditor"
"demo.business@dgop.local","true","business_steward"
"demo.compliance@dgop.local","true","AI_COMPLIANCE_OFFICER"
"demo.custodian@dgop.local","true","data_owner; dmo_admin"
"demo.dataowner@dgop.local","true","data_owner; ndi_evidence_owner"
"demo.ethics@dgop.local","true","AI_ETHICS_COMMITTEE"
"demo.executive@dgop.local","true","AI_EXECUTIVE_TEAM"
"demo.executiveviewer@dgop.local","true","executive"
"demo.mlops@dgop.local","true","AI_MLOPS_LEAD"
"demo.model@dgop.local","true","AI_MODEL_OWNER"
"demo.officer@dgop.local","true","AI_GOVERNANCE_OFFICER"
"demo.owner@dgop.local","true","AI_USECASE_OWNER"
"demo.privacy@dgop.local","true","privacy_officer"
"demo.riskowner@dgop.local","true","AI_RISK_OWNER"
"demo.security@dgop.local","true","security_reviewer"
"demo.showcase@dgop.local","true","AI_GOVERNANCE_OFFICER; AI_WORKING_GROUP; dmo_admin"
"demo.steering@dgop.local","true","STEERING_COMMITTEE"
"demo.workflowdesigner@dgop.local","true","workflow_designer"
"demo.workflowpublisher@dgop.local","true","workflow_publisher"
"demo.workflowreviewer@dgop.local","true","workflow_reviewer"
"demo.working@dgop.local","true","AI_WORKING_GROUP"
